{
    "red": {
        "amp": [
            -0.19215686274509802
        ],
        "freq": [
            1.0
        ],
        "init_phase": [
            1.5707963267948966
        ],
        "offset": 0.6901960784313725
    },
    "green": {
        "amp": [
            0.0
        ],
        "freq": [
            1.0
        ],
        "init_phase": [
            1.5707963267948966
        ],
        "offset": 0.0
    },
    "blue": {
        "amp": [
            0.0
        ],
        "freq": [
            1.0
        ],
        "init_phase": [
            1.5707963267948966
        ],
        "offset": 1.0
    }
}