{
    "red": {
        "amp": [
            -0.00980392156862745
        ],
        "freq": [
            1.0
        ],
        "init_phase": [
            1.5707963267948966
        ],
        "offset": 0.00980392156862745
    },
    "green": {
        "amp": [
            0.24509803921568626
        ],
        "freq": [
            1.0
        ],
        "init_phase": [
            1.5707963267948966
        ],
        "offset": 0.7039215686274509
    },
    "blue": {
        "amp": [
            -0.2627450980392157
        ],
        "freq": [
            1.0
        ],
        "init_phase": [
            1.5707963267948966
        ],
        "offset": 0.6392156862745098
    }
}