{
    "red": {
        "amp": [
            0.37058823529411766
        ],
        "freq": [
            1.0
        ],
        "init_phase": [
            1.5707963267948966
        ],
        "offset": 0.6176470588235294
    },
    "green": {
        "amp": [
            -0.047058823529411764
        ],
        "freq": [
            1.0
        ],
        "init_phase": [
            1.5707963267948966
        ],
        "offset": 0.3215686274509804
    },
    "blue": {
        "amp": [
            -0.2823529411764706
        ],
        "freq": [
            1.0
        ],
        "init_phase": [
            1.5707963267948966
        ],
        "offset": 0.7019607843137254
    }
}