{
    "red": {
        "amp": [
            0.2991028237165166,
            0.06124240030630097,
            0.02996370504003936
        ],
        "freq": [
            0.9900990099009901,
            2.9702970297029703,
            1.9801980198019802
        ],
        "init_phase": [
            2.078202530672538,
            1.295926239060427,
            -3.0249151129623573
        ],
        "offset": 0.5404044814871449
    },
    "green": {
        "amp": [
            0.3848271782925276,
            0.029530760880311556,
            0.014529678384558278
        ],
        "freq": [
            0.9900990099009901,
            1.9801980198019802,
            2.9702970297029703
        ],
        "init_phase": [
            1.470428909293526,
            1.4535722913561424,
            2.56946538422138
        ],
        "offset": 0.41415661214019867
    },
    "blue": {
        "amp": [
            0.3025831196003815,
            0.07353907356904228,
            0.0163454973998475
        ],
        "freq": [
            0.9900990099009901,
            2.9702970297029703,
            4.9504950495049505
        ],
        "init_phase": [
            0.928285009289983,
            1.9376734112189078,
            2.09934688977752
        ],
        "offset": 0.5385636325025597
    }
}