{
    "red": {
        "amp": [
            0.2991274225938841,
            0.06143493533845302,
            0.025182261867988272
        ],
        "freq": [
            0.9900990099009901,
            2.9702970297029703,
            1.9801980198019802
        ],
        "init_phase": [
            -2.008278039486882,
            -1.0509107367567885,
            0.08866534791652042
        ],
        "offset": 0.5473907960966136
    },
    "green": {
        "amp": [
            0.38707085524297846,
            0.024489863868397254,
            0.014846651415612968
        ],
        "freq": [
            0.9900990099009901,
            1.9801980198019802,
            2.9702970297029703
        ],
        "init_phase": [
            -1.3982437407810713,
            1.7925774861802841,
            -2.3194818420577588
        ],
        "offset": 0.42185651427795107
    },
    "blue": {
        "amp": [
            0.3028545559692121,
            0.07283708059537272,
            0.016333214942081644
        ],
        "freq": [
            0.9900990099009901,
            2.9702970297029703,
            4.9504950495049505
        ],
        "init_phase": [
            -0.8568144056664665,
            -1.723802749625261,
            -1.7137584973289253
        ],
        "offset": 0.5452630289277761
    }
}