{
    "red": {
        "amp": [
            -0.007843137254901988
        ],
        "freq": [
            1.0
        ],
        "init_phase": [
            1.5707963267948966
        ],
        "offset": 0.9529411764705882
    },
    "green": {
        "amp": [
            -0.26666666666666666
        ],
        "freq": [
            1.0
        ],
        "init_phase": [
            1.5707963267948966
        ],
        "offset": 0.4196078431372549
    },
    "blue": {
        "amp": [
            -0.01568627450980392
        ],
        "freq": [
            1.0
        ],
        "init_phase": [
            1.5707963267948966
        ],
        "offset": 0.08235294117647059
    }
}