{
    "red": {
        "amp": [
            0.6054431467642511,
            0.12966179296740837,
            0.020106823322296
        ],
        "freq": [
            0.9900990099009901,
            2.9702970297029703,
            4.9504950495049505
        ],
        "init_phase": [
            1.5515836255954538,
            -1.6284787507605123,
            1.4737839312752012
        ],
        "offset": 0.48899194332726664
    },
    "green": {
        "amp": [
            0.6058394550143259,
            0.1303841773795432,
            0.020318090052064638
        ],
        "freq": [
            0.9900990099009901,
            2.9702970297029703,
            4.9504950495049505
        ],
        "init_phase": [
            -0.5167790539835324,
            -1.5469896931968898,
            -2.546154390090072
        ],
        "offset": 0.5109352743853326
    },
    "blue": {
        "amp": [
            0.6070933861508515,
            0.1330414320353333,
            0.022227971681332413
        ],
        "freq": [
            0.9900990099009901,
            2.9702970297029703,
            4.9504950495049505
        ],
        "init_phase": [
            -2.6594792482068628,
            -1.7074723658898099,
            -0.8717904133881396
        ],
        "offset": 0.5100320773107294
    }
}