{
    "red": {
        "amp": [
            -0.03529411764705881
        ],
        "freq": [
            1.0
        ],
        "init_phase": [
            1.5707963267948966
        ],
        "offset": 0.9647058823529412
    },
    "green": {
        "amp": [
            -0.33529411764705885
        ],
        "freq": [
            1.0
        ],
        "init_phase": [
            1.5707963267948966
        ],
        "offset": 0.5941176470588235
    },
    "blue": {
        "amp": [
            -0.17254901960784316
        ],
        "freq": [
            1.0
        ],
        "init_phase": [
            1.5707963267948966
        ],
        "offset": 0.5647058823529412
    }
}