{
    "red": {
        "amp": [
            0.49411764705882355
        ],
        "freq": [
            1.0
        ],
        "init_phase": [
            1.5707963267948966
        ],
        "offset": 0.49411764705882355
    },
    "green": {
        "amp": [
            -0.4294117647058823
        ],
        "freq": [
            1.0
        ],
        "init_phase": [
            1.5707963267948966
        ],
        "offset": 0.4294117647058823
    },
    "blue": {
        "amp": [
            0.06470588235294117
        ],
        "freq": [
            1.0
        ],
        "init_phase": [
            1.5707963267948966
        ],
        "offset": 0.9352941176470588
    }
}