{
    "red": {
        "amp": [
            -0.13725490196078433
        ],
        "freq": [
            1.0
        ],
        "init_phase": [
            1.5707963267948966
        ],
        "offset": 0.5176470588235293
    },
    "green": {
        "amp": [
            -0.09215686274509804
        ],
        "freq": [
            1.0
        ],
        "init_phase": [
            1.5707963267948966
        ],
        "offset": 0.6568627450980392
    },
    "blue": {
        "amp": [
            0.0
        ],
        "freq": [
            1.0
        ],
        "init_phase": [
            1.5707963267948966
        ],
        "offset": 0.9098039215686274
    }
}